Table S8. Alpha diversity estimates of richness,,,,,,,,,
,,,,,,,,,
Bacterial Sample,Observed,Chao1,se.chao1,ACE,se.ACE,Shannon,Simpson,InvSimpson,Fisher
X1B.BS.1.16s_S233_L001_R1_001.fastq.gz,101,101,0,101,2.714099599,4.246684235,0.980309235,50.7852296,17.59774432
X1B.ES.16s_S255_L001_R1_001.fastq.gz,131,131,0,131,3.421976573,3.456626246,0.906548981,10.70079289,18.41078765
X1B.ES.2.16s_S298_L001_R1_001.fastq.gz,261,261,0,261,3.986567484,4.566585156,0.970814482,34.26356843,38.53511048
X1B.RS.16s_S244_L001_R1_001.fastq.gz,141,141,0,141,3.31341567,3.764040457,0.924807305,13.29916416,21.49035155
X1C.BS.1.16s_S234_L001_R1_001.fastq.gz,192,192,0,192,3.718618695,4.753786333,0.986688212,75.1213909,32.1782906
X1C.ES.2.16s_S299_L001_R1_001.fastq.gz,302,302,0,302,3.653901118,5.045544297,0.989127766,91.97742092,47.33735838
X1C.RS.16s_S245_L001_R1_001.fastq.gz,190,190,0,190,4.036673983,4.609952997,0.9807896,52.05513758,31.73335764
X1D.ES.2.16s_S300_L001_R1_001.fastq.gz,224,224,0,224,4.629100499,4.691087708,0.984779324,65.70010505,34.85660643
X1D.RS.2.16s_S282_L001_R1_001.fastq.gz,71,71,0,71,3.595772165,3.957107022,0.974610839,39.38688685,14.66852757
X1E.ES.2.16s_S301_L001_R1_001.fastq.gz,84,84,0,84,1.397276262,3.927299274,0.972318229,36.12485608,11.05751454
X1E.RS.2.16s_S283_L001_R1_001.fastq.gz,72,72,0,72,1.943650632,3.915978861,0.97258781,36.4801206,12.81273512
X1F.BS.2.16s_S272_L001_R1_001.fastq.gz,173,173,0,173,3.587067329,4.480057675,0.979707593,49.27951515,29.21847772
X1F.ES.2.16s_S302_L001_R1_001.fastq.gz,231,231,0,231,3.502627338,4.614188426,0.981487439,54.01737791,33.91135364
X1F.RS.2.16s_S284_L001_R1_001.fastq.gz,236,236,0,236,5.117268869,4.885433723,0.987354429,79.07906783,41.27455688
X2A.BS.1.16s_S235_L001_R1_001.fastq.gz,168,168,0,168,4.28660705,4.502680836,0.981234704,53.28986012,28.48398149
X2A.BS.2.16s_S273_L001_R1_001.fastq.gz,160,160,0,160,2.914403884,4.542000288,0.983848519,61.9138253,25.21282153
X2A.ES.16s_S257_L001_R1_001.fastq.gz,194,194,0,194,3.938312999,4.244662932,0.96281847,26.8950737,29.12655924
X2A.ES.2.16s_S303_L001_R1_001.fastq.gz,182,182,0,182,3.074174597,4.228332664,0.96584254,29.27618132,27.40074549
X2A.RS.16s_S246_L001_R1_001.fastq.gz,195,195,0,195,3.604840051,4.366307792,0.968326002,31.57163763,30.9871078
X2A.RS.2.16s_S285_L001_R1_001.fastq.gz,228,228,0,228,3.62496219,4.64839147,0.980898396,52.35162481,35.93190659
X2B.BS.1.16s_S236_L001_R1_001.fastq.gz,114,114,0,114,3.393750707,4.279976324,0.97874072,47.03828168,20.41534033
X2B.BS.2.16s_S274_L001_R1_001.fastq.gz,208,208,0,208,4.251696494,4.808352128,0.986953279,76.64761118,35.93912071
X2B.ES.2.16s_S304_L001_R1_001.fastq.gz,245,245,0,245,4.186469946,4.915027194,0.98972272,97.30201346,37.11941348
X2B.RS.16s_S247_L001_R1_001.fastq.gz,176,176,0,176,2.922288953,4.55521876,0.981831186,55.03936511,28.08866337
X2B.RS.2.16s_S286_L001_R1_001.fastq.gz,210,210,0,210,2.935010343,4.981021779,0.990366499,103.8044185,35.68583021
X2C.BS.1.16s_S237_L001_R1_001.fastq.gz,173,173,0,173,3.467437294,4.567907059,0.982327641,56.58554003,29.95569054
X2C.ES.16s_S259_L001_R1_001.fastq.gz,314,314,0,314,3.530125131,4.810706588,0.97962044,49.0687736,47.18382954
X2C.ES.2.16s_S305_L001_R1_001.fastq.gz,211,211,0,211,4.348557532,4.314099291,0.971577282,35.18312403,30.94878042
X2C.RS.16s_S248_L001_R1_001.fastq.gz,110,110,0,110,3.146426545,4.130356262,0.967400791,30.67559059,18.95127059
X2C.RS.2.16s_S287_L001_R1_001.fastq.gz,160,160,0,160,3.794733192,3.480565004,0.915201295,11.79263291,22.85350529
X2D.BS.1.16s_S238_L001_R1_001.fastq.gz,251,251,0,251,4.290265085,4.895054707,0.98650866,74.12161937,41.88207189
X2D.BS.2.16s_S276_L001_R1_001.fastq.gz,186,186,0,186,3.21705803,4.761733994,0.986638662,74.84280393,31.84108613
X2D.ES.16s_S260_L001_R1_001.fastq.gz,123,123,0,123,2.388999178,4.028639338,0.96446177,28.13871184,18.34549708
X2D.ES.2.16s_S306_L001_R1_001.fastq.gz,221,221,0,221,4.167315183,4.571767242,0.98025036,50.63383315,32.89203307
X2D.RS.16s_S249_L001_R1_001.fastq.gz,172,172,0,172,3.700251406,4.163925177,0.963901614,27.70206949,25.85116592
X2D.RS.2.16s_S288_L001_R1_001.fastq.gz,244,244,0,244,4.284933574,5.002836996,0.988512373,87.05017853,41.43928965
X2E.BS.2.16s_S277_L001_R1_001.fastq.gz,229,229,0,229,3.743990818,4.834670212,0.985494122,68.93757368,38.0386083
X2E.ES.2.16s_S307_L001_R1_001.fastq.gz,139,139,0,139,3.311197484,4.442392773,0.982449449,56.97826778,23.22261303
X2E.RS.2.16s_S289_L001_R1_001.fastq.gz,265,265,0,265,4.300065818,4.871001562,0.985091515,67.07589549,43.48134201
X2F.BS.2.16s_S278_L001_R1_001.fastq.gz,246,246,0,246,3.633627944,4.862571497,0.985278619,67.92841153,40.83137881
X2F.ES.2.16s_S308_L001_R1_001.fastq.gz,65,65,0,65,1.937484491,3.573753813,0.956581131,23.03146137,10.20713676
X2F.RS.2.16s_S290_L001_R1_001.fastq.gz,206,206,0,206,4.153019723,4.412249351,0.972011509,35.72897144,31.75042567
X3A.BS.1.16s_S239_L001_R1_001.fastq.gz,218,218,0,218,4.356267235,4.841754717,0.985609222,69.48894459,37.04782044
X3A.BS.2.16s_S279_L001_R1_001.fastq.gz,220,220,0,220,4.538221518,4.916506045,0.988123369,84.19896491,37.39442874
X3A.ES.16s_S261_L001_R1_001.fastq.gz,229,229,0,229,3.96711372,4.314858652,0.964674524,28.30818203,35.3461967
X3A.ES.2.16s_S309_L001_R1_001.fastq.gz,183,183,0,183,3.926928192,4.475906832,0.978208801,45.89008696,28.10852891
X3A.RS.16s_S250_L001_R1_001.fastq.gz,143,143,0,143,3.769587538,4.269845357,0.971355111,34.91024209,24.73481841
X3A.RS.2.16s_S291_L001_R1_001.fastq.gz,205,205,0,205,3.94844829,4.762329981,0.983888885,62.06895141,34.54582121
X3B.ES.16s_S262_L001_R1_001.fastq.gz,214,214,0,214,4.060293254,4.569123193,0.975044615,40.07151103,35.12454694
X3B.ES.2.16s_S310_L001_R1_001.fastq.gz,143,143,0,143,3.315570387,4.20854115,0.97627589,42.15121189,20.96796187
X3B.RS.16s_S251_L001_R1_001.fastq.gz,220,220,0,220,3.851800051,4.867178164,0.987388968,79.29565435,36.99127189
X3B.RS.2.16s_S292_L001_R1_001.fastq.gz,313,313,0,313,3.779040905,5.058833822,0.985583802,69.36641588,51.2861654
X3C.ES.16s_S263_L001_R1_001.fastq.gz,203,203,0,203,4.339076654,4.123059616,0.96576393,29.20896025,29.2872532
X3C.ES.2.16s_S311_L001_R1_001.fastq.gz,337,337,0,337,3.785808264,5.221365845,0.98949158,95.16178827,54.47874043
X3C.RS.16s_S252_L001_R1_001.fastq.gz,114,114,0,114,3.609198774,4.181609141,0.97682076,43.14205358,19.79170832
X3C.RS.2.16s_S293_L001_R1_001.fastq.gz,420,420,0,420,4.756949803,5.522986462,0.992959959,142.0446215,69.00113487
X3D.BS.1.16s_S242_L001_R1_001.fastq.gz,255,255,0,255,3.983298466,5.006836788,0.987963885,83.0832841,41.96850968
X3D.ES.16s_S264_L001_R1_001.fastq.gz,262,262,0,262,4.489172725,4.599964402,0.974668021,39.47579475,40.41789055
X3D.ES.2.16s_S312_L001_R1_001.fastq.gz,58,58,0,58,0.991341828,3.800112275,0.974106269,38.61938663,7.755162992
X3D.RS.16s_S253_L001_R1_001.fastq.gz,162,162,0,162,3.900775485,4.327167575,0.970822538,34.27302871,27.13960295
X3D.RS.2.16s_S294_L001_R1_001.fastq.gz,144,144,0,144,3.187431916,4.594508631,0.984852859,66.01905763,25.49063707
X3E.ES.2.16s_S313_L001_R1_001.fastq.gz,235,235,0,235,2.212152124,4.774907914,0.984323958,63.79161456,37.28988086
X3E.RS.2.16s_S295_L001_R1_001.fastq.gz,39,39,0,39,2.631174058,3.385952174,0.957742546,23.66446424,7.892123944
X3F.ES.2.16s_S314_L001_R1_001.fastq.gz,105,105,0,105,0.995226703,4.266467678,0.981421747,53.82637454,13.81070594
CI.BS.1.16S_S93_L001_R1_001.fastq.gz,349,349,0,349,4.021432552,5.124285534,0.984565292,64.78904435,54.69987601
CI.BS.10.16S_S102_L001_R1_001.fastq.gz,190,190,0,190,3.716959708,4.817417416,0.987906737,82.69067052,33.26615891
CI.BS.11.16S_S103_L001_R1_001.fastq.gz,195,195,0,195,3.604840051,4.808746118,0.987591437,80.58950721,33.10578686
CI.BS.12.16S_S104_L001_R1_001.fastq.gz,284,284,0,284,3.648267966,5.254530518,0.992370808,131.0754724,49.05836422
CI.BS.13.16S_S105_L001_R1_001.fastq.gz,209,209,0,209,3.843841778,4.827704615,0.986740824,75.41946893,33.1091996
CI.BS.14.16S_S106_L001_R1_001.fastq.gz,254,254,0,254,3.871966682,5.176946363,0.991445359,116.8956151,45.70196596
CI.BS.15.16S_S107_L001_R1_001.fastq.gz,159,159,0,159,3.33081666,4.60611102,0.984827865,65.91030269,26.93771596
CI.BS.16.16S_S108_L001_R1_001.fastq.gz,158,158,0,158,3.060569981,4.575208965,0.984876303,66.12140051,25.57144957
CI.BS.17.16S_S109_L001_R1_001.fastq.gz,254,254,0,254,3.512071421,5.169749319,0.991638083,119.5898028,44.27302062
CI.BS.18.16S_S110_L001_R1_001.fastq.gz,210,210,0,210,4.056740423,4.886760522,0.988446403,86.55313017,36.62603615
CI.BS.19.16S_S111_L001_R1_001.fastq.gz,70,70,0,70,2.800510158,3.963979586,0.976541069,42.62768754,13.32908701
CI.BS.2.16S_S94_L001_R1_001.fastq.gz,151,151,0,151,2.909222604,4.549548345,0.984616452,65.00450831,25.28190685
CI.BS.20.16S_S112_L001_R1_001.fastq.gz,253,253,0,253,4.388270388,4.885481151,0.983167656,59.40943347,42.30661254
CI.BS.21.16S_S113_L001_R1_001.fastq.gz,202,202,0,202,3.945796109,4.645461753,0.981936809,55.36120386,32.88438179
CI.BS.22.16S_S114_L001_R1_001.fastq.gz,310,310,0,310,4.794149661,5.341155633,0.992494037,133.2274162,53.95067456
CI.BS.23.16S_S115_L001_R1_001.fastq.gz,279,279,0,279,3.88361137,4.946487944,0.986575241,74.48923114,44.13068883
CI.BS.24.16S_S116_L001_R1_001.fastq.gz,392,392,0,392,5.099019514,5.436915138,0.99256342,134.4704069,66.67257144
CI.BS.25.16S_S117_L001_R1_001.fastq.gz,74,74,0,74,3.06020667,3.984912668,0.973745219,38.08830095,14.14511236
CI.BS.26.16S_S118_L001_R1_001.fastq.gz,71,71,0,71,3.439620025,3.775219015,0.968675118,31.92350388,12.80048899
CI.BS.27.16S_S119_L001_R1_001.fastq.gz,292,292,0,292,4.693335409,5.033856778,0.988395918,86.17657094,46.64721846
CI.BS.28.16S_S120_L001_R1_001.fastq.gz,40,40,0,40,2.641022529,3.34787025,0.953710789,21.60330629,7.985465479
CI.BS.29.16S_S121_L001_R1_001.fastq.gz,355,355,0,355,4.44496867,5.211796741,0.987596649,80.62337665,56.60703693
CI.BS.3.16S_S95_L001_R1_001.fastq.gz,342,342,0,342,4.631761692,5.388421704,0.992975534,142.3595785,58.31997353
CI.BS.30.16S_S122_L001_R1_001.fastq.gz,333,333,0,333,5.145335215,5.160749158,0.990460072,104.8225934,52.95856494
CI.BS.4.16S_S96_L001_R1_001.fastq.gz,189,189,0,189,3.826944296,4.670994156,0.982971215,58.72409465,31.69633377
CI.BS.5.16S_S97_L001_R1_001.fastq.gz,421,421,0,421,4.939058543,5.539418866,0.991858861,122.8329346,73.18129947
CI.BS.6.16S_S98_L001_R1_001.fastq.gz,342,342,0,342,5.385707749,5.378708757,0.991828432,122.3755333,60.23436423
CI.BS.7.16S_S99_L001_R1_001.fastq.gz,310,310,0,310,5.046877029,5.297022792,0.99182689,122.3524507,55.11631212
CI.BS.8.16S_S100_L001_R1_001.fastq.gz,272,272,0,272,4.402121815,5.111734397,0.990196961,102.0091817,46.93892751
CI.BS.9.16S_S101_L001_R1_001.fastq.gz,64,64,0,64,3.018174117,3.807821244,0.96963435,32.93194787,12.05481991
CI.ES.11.16S_S148_L001_R1_001.fastq.gz,320,320,0,320,5.054700782,5.233408082,0.991349084,115.5946996,52.97921888
CI.ES.12.16S_S149_L001_R1_001.fastq.gz,239,239,0,239,3.630415447,4.996062912,0.988904239,90.12450816,39.74003217
CI.ES.13.16S_S150_L001_R1_001.fastq.gz,246,246,0,246,3.867731841,4.694367052,0.980171887,50.43344221,37.25547049
CI.ES.14.16S_S151_L001_R1_001.fastq.gz,287,287,0,287,4.313498786,5.215671258,0.991039919,111.6061397,49.60590705
CI.ES.15.16S_S152_L001_R1_001.fastq.gz,315,315,0,315,4.119639374,5.230329047,0.990076368,100.7695559,53.1300487
CI.ES.16.16S_S153_L001_R1_001.fastq.gz,209,209,0,209,3.363183727,4.652181273,0.979873752,49.68636102,33.68775617
CI.ES.17.16S_S154_L001_R1_001.fastq.gz,113,113,0,113,3.151063874,4.318752493,0.98138086,53.70817375,19.70208203
CI.ES.18.16S_S155_L001_R1_001.fastq.gz,327,327,0,327,4.977011372,5.186611287,0.990462711,104.8515987,53.69602475
CI.ES.19.16S_S156_L001_R1_001.fastq.gz,289,289,0,289,4.77884612,4.937240364,0.985430267,68.6354389,46.6124552
CI.ES.2.16S_S145_L001_R1_001.fastq.gz,108,108,0,108,1.962613526,3.102408609,0.869326146,7.652640318,14.47068339
CI.ES.20.16S_S157_L001_R1_001.fastq.gz,297,297,0,297,4.112066501,5.124126747,0.989684181,96.93849924,48.35564732
CI.ES.21.16S_S158_L001_R1_001.fastq.gz,306,306,0,306,3.65506185,5.020955515,0.9877694,81.762136,47.25569343
CI.ES.22.16S_S159_L001_R1_001.fastq.gz,163,163,0,163,3.798611306,4.400941228,0.975545191,40.89175315,25.46683483
CI.ES.23.16S_S160_L001_R1_001.fastq.gz,283,283,0,283,5.022915685,4.860236088,0.981545005,54.18587287,44.58218465
CI.ES.24.16S_S161_L001_R1_001.fastq.gz,262,262,0,262,4.669210503,4.791555188,0.984048144,62.6886283,42.45667177
CI.ES.25.16S_S162_L001_R1_001.fastq.gz,290,290,0,290,4.108863422,4.934577185,0.980983396,52.58562334,47.9410991
CI.ES.26.16S_S163_L001_R1_001.fastq.gz,232,232,0,232,2.779233335,4.584785967,0.981830354,55.03684577,34.88476721
CI.ES.27.16S_S164_L001_R1_001.fastq.gz,226,226,0,226,4.545249392,4.596421402,0.981314495,53.51741893,33.53260286
CI.ES.29.16S_S165_L001_R1_001.fastq.gz,257,257,0,257,4.834216566,4.881680643,0.985299332,68.02412064,41.49540229
CI.ES.3.16S_S146_L001_R1_001.fastq.gz,185,185,0,185,3.349868896,3.962490092,0.935891969,15.59866979,28.49433777
CI.ES.30.16S_S166_L001_R1_001.fastq.gz,156,156,0,156,3.45205253,4.131895532,0.959987062,24.99191661,24.69432653
CI.ES.7.16S_S147_L001_R1_001.fastq.gz,328,328,0,328,4.716344182,5.069635717,0.988266445,85.22566294,52.29457345
CI.RS.11.16S_S126_L001_R1_001.fastq.gz,267,267,0,267,3.98968708,5.039827735,0.988959938,90.57920082,43.98648603
CI.RS.12.16S_S127_L001_R1_001.fastq.gz,252,252,0,252,4.481000455,5.049809018,0.989249818,93.02167819,42.97611544
CI.RS.13.16S_S128_L001_R1_001.fastq.gz,251,251,0,251,3.380280287,4.997526562,0.989043972,91.27395557,40.55649462
CI.RS.14.16S_S129_L001_R1_001.fastq.gz,303,303,0,303,4.875343772,5.336010805,0.993047901,143.8414517,53.30078681
CI.RS.15.16S_S130_L001_R1_001.fastq.gz,193,193,0,193,3.482004068,4.813856383,0.987876659,82.48551176,32.66480373
CI.RS.16.16S_S131_L001_R1_001.fastq.gz,195,195,0,195,3.939282767,4.637828695,0.983902506,62.12146924,32.79844348
CI.RS.19.16S_S134_L001_R1_001.fastq.gz,231,231,0,231,3.858986252,4.983030097,0.989909598,99.10407587,38.03196046
CI.RS.2.16S_S123_L001_R1_001.fastq.gz,357,357,0,357,3.667557824,5.145210975,0.986355988,73.29222316,56.56770888
CI.RS.20.16S_S135_L001_R1_001.fastq.gz,35,35,0,35,2.484236014,3.102167958,0.931758211,14.6537776,6.606534225
CI.RS.21.16S_S136_L001_R1_001.fastq.gz,151,151,0,151,3.884081966,4.232986249,0.969707442,33.01140787,24.08480274
CI.RS.22.16S_S137_L001_R1_001.fastq.gz,246,246,0,246,4.382615323,4.879663404,0.984953392,66.46016101,41.26395625
CI.RS.23.16S_S138_L001_R1_001.fastq.gz,215,215,0,215,4.353026213,4.891406954,0.988304177,85.50061089,36.53759481
CI.RS.24.16S_S139_L001_R1_001.fastq.gz,206,206,0,206,4.053046319,4.965946695,0.990417492,104.3568168,36.31318811
CI.RS.25.16S_S140_L001_R1_001.fastq.gz,207,207,0,207,4.521553322,4.775891507,0.985513491,69.02974298,35.07031024
CI.RS.26.16S_S141_L001_R1_001.fastq.gz,194,194,0,194,4.235344653,4.384296531,0.974708069,39.53830224,28.69955341
CI.RS.27.16S_S142_L001_R1_001.fastq.gz,193,193,0,193,3.220723055,4.32932372,0.968208007,31.45446134,29.10688959
CI.RS.29.16S_S143_L001_R1_001.fastq.gz,396,396,0,396,3.674921837,5.468135125,0.993484279,153.4749648,64.21739309
CI.RS.3.16S_S124_L001_R1_001.fastq.gz,395,395,0,395,5.79087016,5.236414749,0.987249099,78.4258312,63.68170147
CI.RS.30.16S_S144_L001_R1_001.fastq.gz,176,176,0,176,3.589758158,4.475674125,0.980785921,52.0451684,27.49853567
CI.RS.7.16S_S125_L001_R1_001.fastq.gz,154,154,0,154,3.67953272,4.034177312,0.94775066,19.13899773,25.39859491
Hum.BS.1.16S_S1_L001_R1_001.fastq.gz,187,187,0,187,3.825051116,4.58844512,0.981321366,53.5371044,29.34981479
Hum.BS.13.16S_S13_L001_R1_001.fastq.gz,159,159,0,159,2.913857587,4.718564798,0.988094407,83.99413498,26.89616391
Hum.BS.14.16S_S14_L001_R1_001.fastq.gz,149,149,0,149,3.191852043,4.594781078,0.985795647,70.40095586,25.53573013
Hum.BS.15.16S_S15_L001_R1_001.fastq.gz,181,181,0,181,3.473657776,4.92114032,0.99097712,110.8293608,31.73776672
Hum.BS.16.16S_S16_L001_R1_001.fastq.gz,162,162,0,162,2.757705255,4.711551494,0.987596409,80.62181607,26.82270874
Hum.BS.17.16S_S17_L001_R1_001.fastq.gz,175,175,0,175,3.343223423,4.763044239,0.986847378,76.03046942,28.70981979
Hum.BS.18.16S_S18_L001_R1_001.fastq.gz,152,152,0,152,2.584111371,4.669781084,0.986908846,76.38746095,26.13876351
Hum.BS.19.16S_S19_L001_R1_001.fastq.gz,116,116,0,116,2.881271271,3.906453806,0.952049889,20.85500906,18.42506959
Hum.BS.2.16S_S2_L001_R1_001.fastq.gz,98,98,0,98,2.996596709,4.24652347,0.980429358,51.09694493,17.05344962
Hum.BS.20.16S_S20_L001_R1_001.fastq.gz,104,104,0,104,2.717464882,4.23733345,0.978916952,47.43147272,17.50871249
Hum.BS.21.16S_S21_L001_R1_001.fastq.gz,110,110,0,110,3.146426545,4.387981379,0.983812231,61.77503679,19.18553932
Hum.BS.22.16S_S22_L001_R1_001.fastq.gz,125,125,0,125,1.711139971,4.398495091,0.982392738,56.79474856,19.29413164
Hum.BS.23.16S_S23_L001_R1_001.fastq.gz,170,170,0,170,2.590707376,4.591585609,0.98305499,59.01442363,27.05082817
Hum.BS.24.16S_S24_L001_R1_001.fastq.gz,140,140,0,140,2.746426249,4.512706953,0.983472345,60.50464996,23.62277704
Hum.BS.25.16S_S25_L001_R1_001.fastq.gz,199,199,0,199,3.358032446,4.815353237,0.987151835,77.83212562,33.41199305
Hum.BS.26.16S_S26_L001_R1_001.fastq.gz,280,280,0,280,4.309458037,5.095222049,0.990339032,103.5092926,44.72590702
Hum.BS.27.16S_S27_L001_R1_001.fastq.gz,186,186,0,186,3.713532359,4.797321098,0.988033564,83.56707087,31.24582932
Hum.BS.28.16S_S28_L001_R1_001.fastq.gz,223,223,0,223,3.233790207,4.95452636,0.989398554,94.32675134,36.02149504
Hum.BS.29.16S_S29_L001_R1_001.fastq.gz,185,185,0,185,3.476562453,4.851543899,0.989259098,93.10204623,31.57218234
Hum.BS.3.16S_S3_L001_R1_001.fastq.gz,157,157,0,157,3.453051821,4.691385923,0.987395715,79.33809762,26.64785007
Hum.BS.30.16S_S30_L001_R1_001.fastq.gz,250,250,0,250,3.510555512,4.935742061,0.985821911,70.53136498,40.9476301
Hum.BS.4.16S_S4_L001_R1_001.fastq.gz,115,115,0,115,2.880217383,4.444714888,0.98449541,64.49702934,20.03829784
Hum.BS.5.16S_S5_L001_R1_001.fastq.gz,229,229,0,229,3.625479941,4.992984715,0.989957982,99.58158155,37.18914383
Hum.BS.6.16S_S6_L001_R1_001.fastq.gz,277,277,0,277,3.250104136,5.294816743,0.99345376,152.7594392,46.32305051
Hum.BS.7.16S_S7_L001_R1_001.fastq.gz,208,208,0,208,3.085325067,5.068950395,0.992092162,126.4568117,36.388029
Hum.BS.8.16S_S8_L001_R1_001.fastq.gz,209,209,0,209,3.491616754,4.859229911,0.987934014,82.87760212,33.81531407
Hum.BS.9.16S_S9_L001_R1_001.fastq.gz,102,102,0,102,3.253956867,4.30280684,0.982493493,57.12161731,17.8807327
Hum.ES.1.16S_S61_L001_R1_001.fastq.gz,137,137,0,137,2.395250775,4.110196036,0.9642828,27.99771537,20.23771487
Hum.ES.10.16S_S70_L001_R1_001.fastq.gz,175,175,0,175,2.592296279,4.720251823,0.986222431,72.58174405,28.85521868
Hum.ES.11.16S_S71_L001_R1_001.fastq.gz,167,167,0,167,1.716422962,4.384186587,0.975744673,41.22805747,25.17489356
Hum.ES.12.16S_S72_L001_R1_001.fastq.gz,153,153,0,153,2.400980192,4.437532733,0.979222181,48.12824763,23.31939807
Hum.ES.13.16S_S73_L001_R1_001.fastq.gz,168,168,0,168,2.405351177,4.437161735,0.979398663,48.54053825,24.54492357
Hum.ES.14.16S_S74_L001_R1_001.fastq.gz,193,193,0,193,2.769186484,4.537299599,0.9829025,58.48808295,26.73840354
Hum.ES.16.16S_S76_L001_R1_001.fastq.gz,137,137,0,137,2.194884564,4.378446088,0.979487786,48.75144192,21.20446312
Hum.ES.18.16S_S78_L001_R1_001.fastq.gz,222,222,0,222,3.498390878,4.820250689,0.985714017,69.99868493,34.28612155
Hum.ES.19.16S_S79_L001_R1_001.fastq.gz,210,210,0,210,3.086066999,4.724093139,0.985340693,68.21605088,32.33397501
Hum.ES.2.16S_S62_L001_R1_001.fastq.gz,177,177,0,177,2.592906447,4.601088468,0.982735954,57.92385037,26.77644408
Hum.ES.21.16S_S81_L001_R1_001.fastq.gz,235,235,0,235,3.628492448,4.863141095,0.987464875,79.7758308,35.62610727
Hum.ES.22.16S_S82_L001_R1_001.fastq.gz,123,123,0,123,1.710797846,4.203168319,0.975242074,40.39110523,18.07777445
Hum.ES.23.16S_S83_L001_R1_001.fastq.gz,147,147,0,147,2.581988897,4.267095188,0.975987343,41.64470501,21.14441769
Hum.ES.25.16S_S85_L001_R1_001.fastq.gz,168,168,0,168,2.202541822,4.323428913,0.972888876,36.88522882,25.17055428
Hum.ES.26.16S_S86_L001_R1_001.fastq.gz,152,152,0,152,3.194361809,4.089060912,0.964502766,28.17120903,22.52333181
Hum.ES.27.16S_S87_L001_R1_001.fastq.gz,162,162,0,162,2.40370085,4.474208499,0.98020045,50.50619785,25.11773221
Hum.ES.28.16S_S88_L001_R1_001.fastq.gz,161,161,0,161,2.75726032,4.413624709,0.97839616,46.28806681,24.46106827
Hum.ES.29.16S_S89_L001_R1_001.fastq.gz,180,180,0,180,3.346640106,4.601511134,0.982893187,58.45624253,28.38872972
Hum.ES.3.16S_S63_L001_R1_001.fastq.gz,191,191,0,191,3.48068718,4.746316843,0.987176245,77.98028258,30.82602039
Hum.ES.30.16S_S90_L001_R1_001.fastq.gz,204,204,0,204,3.947573094,4.560823046,0.976919582,43.32677177,31.90244605
Hum.ES.4.16S_S64_L001_R1_001.fastq.gz,55,55,0,55,2.614644075,3.489996697,0.952958418,21.25778846,9.642850104
Hum.ES.5.16S_S65_L001_R1_001.fastq.gz,180,180,0,180,2.924038303,4.712920634,0.986182149,72.3701517,28.11356465
Hum.ES.6.16S_S66_L001_R1_001.fastq.gz,231,231,0,231,3.626501779,4.687645325,0.980751285,51.95151969,34.86253333
Hum.ES.7.16S_S67_L001_R1_001.fastq.gz,206,206,0,206,3.226859365,4.913966857,0.989425549,94.56755721,33.09196114
Hum.ES.8.16S_S68_L001_R1_001.fastq.gz,175,175,0,175,3.210696409,4.40238701,0.974544994,39.28500362,26.15706101
Hum.ES.9.16S_S69_L001_R1_001.fastq.gz,161,161,0,161,3.201319604,4.555717595,0.983684273,61.29055903,25.73810719
Hum.RS.1.16S_S31_L001_R1_001.fastq.gz,57,57,0,57,2.316985337,3.801352868,0.972887813,36.88378257,10.82193975
Hum.RS.10.16S_S40_L001_R1_001.fastq.gz,210,210,0,210,3.228592499,4.962955324,0.989579142,95.96139058,35.47299244
Hum.RS.11.16S_S41_L001_R1_001.fastq.gz,184,184,0,184,2.205477371,4.819967007,0.988283858,85.35232918,28.85740928
Hum.RS.12.16S_S42_L001_R1_001.fastq.gz,241,241,0,241,3.376757265,4.924850212,0.987993539,83.28848632,36.77389673
Hum.RS.13.16S_S43_L001_R1_001.fastq.gz,150,150,0,150,2.908607914,4.5088834,0.983848381,61.913297,23.8860044
Hum.RS.14.16S_S44_L001_R1_001.fastq.gz,133,133,0,133,2.393600491,4.299162369,0.976725844,42.96611285,19.6276042
Hum.RS.15.16S_S45_L001_R1_001.fastq.gz,263,263,0,263,4.198496925,5.093864706,0.990809574,108.8088815,43.14778939
Hum.RS.16.16S_S46_L001_R1_001.fastq.gz,199,199,0,199,2.770991151,4.812383864,0.987685188,81.20302526,31.97466929
Hum.RS.18.16S_S48_L001_R1_001.fastq.gz,196,196,0,196,3.356382893,4.874966246,0.989496286,95.2044195,32.34724977
Hum.RS.19.16S_S49_L001_R1_001.fastq.gz,268,268,0,268,4.302030066,5.031521606,0.989096256,91.7116162,42.5308192
Hum.RS.2.16S_S32_L001_R1_001.fastq.gz,167,167,0,167,2.759848994,4.504577118,0.981986582,55.51417251,25.24784516
Hum.RS.20.16S_S50_L001_R1_001.fastq.gz,219,219,0,219,3.367857739,4.792306188,0.985375225,68.3771208,35.4087026
Hum.RS.21.16S_S51_L001_R1_001.fastq.gz,233,233,0,233,3.627505794,4.808821673,0.983239771,59.66505558,36.9049677
Hum.RS.22.16S_S52_L001_R1_001.fastq.gz,203,203,0,203,3.48819261,4.736428585,0.986164799,72.27939851,31.62177663
Hum.RS.23.16S_S53_L001_R1_001.fastq.gz,180,180,0,180,2.593796017,4.473331882,0.980076473,50.19191578,26.30435983
Hum.RS.24.16S_S54_L001_R1_001.fastq.gz,173,173,0,173,1.976743395,4.641098212,0.983769915,61.61397007,27.91040486
Hum.RS.25.16S_S55_L001_R1_001.fastq.gz,237,237,0,237,3.375263703,4.881502523,0.986161161,72.26039701,37.91712651
Hum.RS.26.16S_S56_L001_R1_001.fastq.gz,235,235,0,235,3.238071399,4.939180337,0.988962239,90.59808438,37.61131188
Hum.RS.27.16S_S57_L001_R1_001.fastq.gz,129,129,0,129,3.299048489,4.405149638,0.982375245,56.73837609,21.64164811
Hum.RS.28.16S_S58_L001_R1_001.fastq.gz,179,179,0,179,2.764499611,4.712063016,0.986410673,73.58716221,29.40986213
Hum.RS.29.16S_S59_L001_R1_001.fastq.gz,156,156,0,156,3.197555156,4.543063308,0.983462848,60.4699056,25.23704464
Hum.RS.3.16S_S33_L001_R1_001.fastq.gz,160,160,0,160,2.75680975,4.720175175,0.987825637,82.13982104,26.61423608
Hum.RS.30.16S_S60_L001_R1_001.fastq.gz,217,217,0,217,3.618946559,4.576227884,0.970041827,33.37987239,34.35797521
Hum.RS.4.16S_S34_L001_R1_001.fastq.gz,173,173,0,173,3.20945136,4.815226681,0.989034421,91.19445501,29.21956762
Hum.RS.5.16S_S35_L001_R1_001.fastq.gz,158,158,0,158,2.755891273,4.491180117,0.982497964,57.13620987,24.2978016
Hum.RS.6.16S_S36_L001_R1_001.fastq.gz,171,171,0,171,2.591032669,4.789329481,0.988429846,86.42927108,28.30483492
Hum.RS.7.16S_S37_L001_R1_001.fastq.gz,328,328,0,328,3.113699078,5.398927503,0.993571865,155.5661085,53.55188062
Hum.RS.8.16S_S38_L001_R1_001.fastq.gz,149,149,0,149,3.054318101,4.548653344,0.983096343,59.15879508,24.35369839
Hum.RS.9.16S_S39_L001_R1_001.fastq.gz,106,106,0,106,2.379154757,4.333973446,0.982306436,56.51772603,17.97636842
,,,,,,,,,
Fungal Samples,Observed,Chao1,se.chao1,ACE,se.ACE,Shannon,Simpson,InvSimpson,Fisher
X1A.BS.1.ITS1_S61_L001_R1_001.fastq.gz,106,115.1666667,7.380569581,110.8131982,5.163694126,2.805441634,0.851948213,6.754393313,17.9887412
X1A.ES.2.ITS1_S126_L001_R1_001.fastq.gz,28,28,0,28,1.8516402,1.784862033,0.668932544,3.020532472,3.754812721
X1A.ES.ITS1_S83_L001_R1_001.fastq.gz,48,48,0.164921418,48.3089752,3.249264813,2.576428056,0.854269775,6.86199449,7.026901317
X1A.RS.ITS1_S72_L001_R1_001.fastq.gz,89,96.85714286,6.334737625,95.62054772,4.82824621,2.650026702,0.852069728,6.759941594,14.58601486
X1B.BS.1.ITS1_S62_L001_R1_001.fastq.gz,84,84.375,0.826255752,85.06641873,4.579626253,2.7486702,0.869474036,7.661310942,13.61286451
X1B.BS.2.ITS1_S97_L001_R1_001.fastq.gz,30,30.5,1.291920035,30.49623559,2.448708905,1.299720311,0.612652118,2.581658626,4.06646917
X1B.ES.ITS1_S84_L001_R1_001.fastq.gz,39,39.5,1.29354532,40.12675386,2.433280019,2.578387303,0.878795882,8.250544731,5.513810062
X1B.RS.ITS1_S73_L001_R1_001.fastq.gz,79,82.27272727,3.086391228,85.73100915,4.594477941,3.154841739,0.932985231,14.92208377,12.65293106
X1C.BS.1.ITS1_S63_L001_R1_001.fastq.gz,103,106.4615385,3.106220578,108.2815862,5.138032723,2.731939541,0.861433609,7.216757225,17.37804318
X1C.BS.2.ITS1_S98_L001_R1_001.fastq.gz,69,78.1,6.483418119,78.43790747,4.190640536,1.547542772,0.661514509,2.954336378,10.77445758
X1C.ES.ITS1_S85_L001_R1_001.fastq.gz,60,61,1.449307353,62.96403087,3.909009354,2.667476404,0.883109633,8.555024908,9.133846419
X1C.RS.ITS1_S74_L001_R1_001.fastq.gz,55,55.25,0.735663793,55.67462423,3.661495453,2.659203789,0.888184568,8.943309367,8.244261753
X1D.BS.2.ITS1_S99_L001_R1_001.fastq.gz,121,129,5.248871863,131.4174308,5.570925678,3.048103495,0.909121373,11.00368734,21.10477603
X1D.ES.2.ITS1_S129_L001_R1_001.fastq.gz,72,79.5,6.350381859,78.71182342,4.344968367,2.966329469,0.919936615,12.49010399,11.33204366
X1D.RS.2.ITS1_S111_L001_R1_001.fastq.gz,75,76.25,1.732064672,76.73217704,4.304639341,2.36888743,0.809372781,5.245840576,11.89478324
X1E.BS.2.ITS1_S100_L001_R1_001.fastq.gz,109,123.4375,8.145857612,126.2073873,5.541248583,2.159718202,0.74819716,3.971361082,18.6036807
X1E.RS.2.ITS1_S112_L001_R1_001.fastq.gz,87,95.75,6.03990185,98.34986844,4.901160352,2.924240786,0.919585988,12.4356437,14.19519393
X1F.ES.2.ITS1_S131_L001_R1_001.fastq.gz,62,62,0.09919027,62.2689278,3.753212692,2.613806279,0.86512374,7.414203192,9.494144218
X1F.RS.2.ITS1_S113_L001_R1_001.fastq.gz,90,107,10.99230761,100.8496362,4.805489549,2.82828566,0.909969988,11.10740718,14.78219677
X2A.BS.1.ITS1_S64_L001_R1_001.fastq.gz,134,142.55,5.317285954,145.7104144,5.912392758,3.286568649,0.919757396,12.4622078,23.88624732
X2A.BS.2.ITS1_S102_L001_R1_001.fastq.gz,228,253.1071429,10.72224505,252.4931752,7.71720289,3.999811898,0.962100402,26.3855044,45.98322214
X2A.ES.2.ITS1_S132_L001_R1_001.fastq.gz,61,65.66666667,4.489942665,66.33471933,3.988703556,2.672346619,0.892038012,9.262519309,9.31368234
X2A.ES.ITS1_S86_L001_R1_001.fastq.gz,53,53,0.165086852,53.27889706,3.614679986,2.840338741,0.918657136,12.29364141,7.893022882
X2A.RS.2.ITS1_S114_L001_R1_001.fastq.gz,108,123.3,9.56269886,121.6363057,5.494197318,3.026500309,0.890327101,9.118022824,18.39823309
X2A.RS.ITS1_S75_L001_R1_001.fastq.gz,40,40,0.493710441,40.43442691,2.248300139,2.574934595,0.855721325,6.931031236,5.678848284
X2B.BS.2.ITS1_S103_L001_R1_001.fastq.gz,231,244.5,6.839696645,245.3405468,7.534662254,4.065486006,0.959372544,24.6138968,46.74131971
X2B.ES.ITS1_S87_L001_R1_001.fastq.gz,41,41.5,1.293810567,41.66123658,2.997546826,2.852276606,0.925834083,13.48328233,5.844682504
X2B.RS.2.ITS1_S115_L001_R1_001.fastq.gz,131,138.5833333,5.448331653,138.2008271,5.728671744,3.342576182,0.91559645,11.84784285,23.23790437
X2B.RS.ITS1_S76_L001_R1_001.fastq.gz,52,53,2.329061678,52.49995224,2.929440528,3.022416272,0.927089799,13.71550186,7.718415058
X2C.BS.1.ITS1_S66_L001_R1_001.fastq.gz,139,141.5714286,2.515113469,142.8679816,5.91909343,3.475520137,0.932866462,14.89568438,24.97526505
X2C.BS.2.ITS1_S104_L001_R1_001.fastq.gz,176,194.0967742,8.247343775,200.0970103,6.811791681,3.262138781,0.92133084,12.71146156,33.34800639
X2C.ES.ITS1_S88_L001_R1_001.fastq.gz,68,70.14285714,2.530120379,71.05058065,4.181408385,2.542610901,0.857637964,7.024344633,10.58976088
X2C.RS.ITS1_S77_L001_R1_001.fastq.gz,32,32,0,32,1.870828693,2.509736884,0.877237396,8.145803128,4.381913642
X2D.BS.1.ITS1_S67_L001_R1_001.fastq.gz,151,174.1,13.14355775,166.6284473,6.362970008,3.896793996,0.963858651,27.66913866,27.63109503
X2D.BS.2.ITS1_S105_L001_R1_001.fastq.gz,125,134,5.705300786,137.3104607,5.820195262,3.365308928,0.936049562,15.63710951,21.95280152
X2D.ES.ITS1_S89_L001_R1_001.fastq.gz,43,44,2.325745237,43.59143394,2.777705537,2.166568182,0.769858793,4.345158403,6.178693446
X2D.RS.ITS1_S78_L001_R1_001.fastq.gz,61,63.5,3.158384666,63.48142728,3.895617275,2.350412007,0.837303385,6.146409362,9.31368234
X2E.BS.2.ITS1_S106_L001_R1_001.fastq.gz,192,200.6363636,5.251837784,201.6345466,6.909648602,3.79378908,0.949198817,19.6845808,37.13174151
X2E.ES.2.ITS1_S136_L001_R1_001.fastq.gz,53,55.5,3.157823118,55.87701828,3.457651037,2.6155325,0.888231669,8.947078191,7.893022882
X2F.BS.2.ITS1_S107_L001_R1_001.fastq.gz,147,162,8.656198708,161.7279824,6.367949321,3.312577146,0.903854012,10.40084999,26.73928665
X3A.BS.1.ITS1_S68_L001_R1_001.fastq.gz,65,69,3.888949451,70.4661854,4.151464433,2.333231165,0.796912899,4.923995651,10.03923098
X3A.BS.2.ITS1_S108_L001_R1_001.fastq.gz,102,110.5714286,5.748388624,112.5899668,5.227451303,2.76380423,0.877083077,8.135576249,17.17542979
X3A.ES.ITS1_S90_L001_R1_001.fastq.gz,30,30,0,30,2.422120283,1.91200945,0.783139929,4.611268434,4.06646917
X3A.RS.ITS1_S79_L001_R1_001.fastq.gz,62,62.42857143,0.91241396,63.20708476,3.945482702,2.369587713,0.817505846,5.479627588,9.494144218
X3B.BS.1.ITS1_S69_L001_R1_001.fastq.gz,90,103,9.632927114,97.13981983,4.802248634,2.772545517,0.866735527,7.503875374,14.78219677
X3B.BS.2.ITS1_S109_L001_R1_001.fastq.gz,132,138.9545455,4.52092195,143.0560307,5.800983941,2.824514444,0.842384615,6.344558321,23.45359314
X3B.ES.ITS1_S91_L001_R1_001.fastq.gz,68,71.5,3.660277332,72.88638506,3.684288212,2.978201317,0.89858168,9.860151545,10.58976088
X3B.RS.2.ITS1_S121_L001_R1_001.fastq.gz,97,107,6.656748853,108.1093751,5.148691933,2.675553031,0.851744568,6.745115419,16.16960965
X3B.RS.ITS1_S80_L001_R1_001.fastq.gz,108,117.75,7.200743159,115.0674764,5.115719234,3.375363047,0.932152142,14.73885882,18.39823309
X3C.BS.1.ITS1_S70_L001_R1_001.fastq.gz,77,78.5,1.874812092,79.98637364,4.446549279,2.617571804,0.843566249,6.39248238,12.27275162
X3C.ES.ITS1_S92_L001_R1_001.fastq.gz,55,55.6,1.185085372,56.3514057,3.557483943,2.663270664,0.883129183,8.556456003,8.244261753
X3C.RS.2.ITS1_S122_L001_R1_001.fastq.gz,118,121.5,3.444395441,121.5043907,5.44371947,3.555546601,0.946960757,18.85396455,20.47340303
X3C.RS.ITS1_S81_L001_R1_001.fastq.gz,85,86.5,1.874875718,88.12723614,4.558197671,3.026041796,0.895808331,9.597696371,13.80644998
X3D.BS.1.ITS1_S71_L001_R1_001.fastq.gz,91,92.5,2.230716919,92.40219055,4.566219018,3.378509811,0.942955834,17.53027655,14.97888915
X3D.ES.ITS1_S93_L001_R1_001.fastq.gz,50,52,2.880823719,51.6368386,3.394560181,2.423002583,0.842105988,6.333362414,7.371259169
X3D.RS.ITS1_S82_L001_R1_001.fastq.gz,100,101.875,2.256504808,102.9193972,4.832388653,3.478056581,0.942953467,17.52954922,16.77164537
X3E.RS.2.ITS1_S124_L001_R1_001.fastq.gz,69,69.375,0.826170565,70.12776709,4.15748849,2.47913945,0.848525775,6.601783247,10.77445758
CI.BS.1.ITS_S261_L001_R1_001.fastq.gz,110,125.1111111,9.73384037,120.940711,5.423080926,3.262105049,0.932246391,14.75936128,18.80959336
CI.BS.10.ITS_S270_L001_R1_001.fastq.gz,133,134.0714286,1.439777176,135.3756102,5.654331496,3.945059215,0.968257515,31.50351945,23.66970792
CI.BS.11.ITS_S271_L001_R1_001.fastq.gz,123,125.3333333,2.553221295,125.7243175,5.40483015,3.746249311,0.95419697,21.83261695,21.52790931
CI.BS.12.ITS_S272_L001_R1_001.fastq.gz,123,124.4285714,1.934492823,124.7389248,5.500168667,3.589009688,0.946781633,18.79050521,21.52790931
CI.BS.13.ITS_S273_L001_R1_001.fastq.gz,66,66,0.248098832,66.20309485,3.197151607,3.270713802,0.935904379,15.60168978,10.22214281
CI.BS.14.ITS_S274_L001_R1_001.fastq.gz,144,153.5454545,6.566893405,152.115467,6.142855996,3.782747365,0.956160521,22.81048991,26.07469581
CI.BS.15.ITS_S275_L001_R1_001.fastq.gz,122,125.2727273,3.086728681,125.6748906,5.509382408,3.507394225,0.94381903,17.79962134,21.31612199
CI.BS.16.ITS_S276_L001_R1_001.fastq.gz,93,95,2.584854674,94.9158306,4.564052379,3.095746004,0.870212923,7.70492736,15.37379412
CI.BS.17.ITS_S277_L001_R1_001.fastq.gz,140,157,10.99368304,149.1957686,6.026571089,3.423141929,0.920467456,12.57346924,25.19432334
CI.BS.18.ITS_S278_L001_R1_001.fastq.gz,145,160.5454545,9.445998944,155.6134268,6.11788572,3.460860963,0.929437065,14.17174613,26.29581751
CI.BS.19.ITS_S279_L001_R1_001.fastq.gz,92,98.11111111,4.975422678,98.36950886,4.908071281,3.031654722,0.912543527,11.43425937,15.17608918
CI.BS.2.ITS_S262_L001_R1_001.fastq.gz,98,101.6,3.355956246,102.3899446,4.953217091,3.140535135,0.919937183,12.49019261,16.36979959
CI.BS.20.ITS_S280_L001_R1_001.fastq.gz,117,120.75,3.329741233,122.4832753,5.479613745,3.589219794,0.953134438,21.33762948,20.26383935
CI.BS.21.ITS_S281_L001_R1_001.fastq.gz,117,128,8.876087081,122.2629547,5.452004491,3.386652081,0.93454097,15.27673121,20.26383935
CI.BS.22.ITS_S282_L001_R1_001.fastq.gz,132,135.75,3.329814292,136.6004248,5.758123055,3.394664565,0.925479006,13.41903731,23.45359314
CI.BS.23.ITS_S283_L001_R1_001.fastq.gz,98,101,2.751053404,103.5934038,4.991006936,2.890752455,0.863862391,7.345508739,16.36979959
CI.BS.24.ITS_S284_L001_R1_001.fastq.gz,123,125,2.135358308,126.3045298,5.551609378,3.586714346,0.954064047,21.76944075,21.52790931
CI.BS.25.ITS_S285_L001_R1_001.fastq.gz,144,150.5,4.723767001,150.5831755,6.023173895,3.416032385,0.919438012,12.4128019,26.07469581
CI.BS.26.ITS_S286_L001_R1_001.fastq.gz,118,135.7692308,10.01636253,135.7276156,5.847819142,3.191928626,0.914519763,11.69861057,20.47340303
CI.BS.27.ITS_S287_L001_R1_001.fastq.gz,118,124,4.699075617,123.7469912,5.401128303,3.277587517,0.920306414,12.5480613,20.47340303
CI.BS.28.ITS_S288_L001_R1_001.fastq.gz,159,165.5,4.881213172,164.675232,6.307370438,3.740592406,0.94789174,19.1908153,29.43394041
CI.BS.29.ITS_S289_L001_R1_001.fastq.gz,134,137.2142857,2.915755476,138.5588585,5.8243979,3.35047594,0.877793467,8.182868617,23.88624732
CI.BS.3.ITS_S263_L001_R1_001.fastq.gz,151,155.5882353,3.574849783,157.6571213,6.214363391,3.692674022,0.94713955,18.91773539,27.63109503
CI.BS.30.ITS_S290_L001_R1_001.fastq.gz,84,86,2.883168656,85.55108842,4.143668676,3.307751654,0.926460402,13.59811628,13.61286451
CI.BS.4.ITS_S264_L001_R1_001.fastq.gz,100,102.3333333,2.42311915,103.5236117,4.985677852,2.893958474,0.891339598,9.202984512,16.77164537
CI.BS.5.ITS_S265_L001_R1_001.fastq.gz,145,154.75,7.201324877,151.476869,5.980029536,3.921327543,0.964774533,28.38855159,26.29581751
CI.BS.6.ITS_S266_L001_R1_001.fastq.gz,162,169.3333333,5.676649544,167.2510159,6.355576288,3.900978534,0.95377316,21.63245411,30.1165292
CI.BS.7.ITS_S267_L001_R1_001.fastq.gz,120,123,3.182883124,122.4946186,5.456750997,3.681388455,0.957125964,23.32413985,20.89387309
CI.BS.8.ITS_S268_L001_R1_001.fastq.gz,111,113.1428571,2.530698275,113.5148098,4.886569714,3.861197615,0.967856757,31.11073803,19.01596907
CI.BS.9.ITS_S269_L001_R1_001.fastq.gz,84,84,0.09940298,84.34968494,3.757043446,3.405028495,0.926233278,13.55624832,13.61286451
CI.ES.11.ITS_S316_L001_R1_001.fastq.gz,95,98.5,3.660990068,98.79927902,4.706030783,3.431379808,0.944150485,17.90525851,15.77070795
CI.ES.12.ITS_S317_L001_R1_001.fastq.gz,106,111.1428571,4.651326899,110.5879242,5.154255364,3.494040161,0.949998296,19.99931837,17.9887412
CI.ES.13.ITS_S318_L001_R1_001.fastq.gz,67,70,3.417517896,70.17848598,3.869185909,2.86445015,0.90928568,11.02361794,10.40565439
CI.ES.14.ITS_S319_L001_R1_001.fastq.gz,124,126.1538462,2.268081132,127.7456497,5.581960357,3.674879142,0.941512189,17.09757963,21.74013636
CI.ES.15.ITS_S320_L001_R1_001.fastq.gz,139,144.25,5.373003917,141.2718372,5.602700298,3.891492739,0.962250746,26.49058941,24.97526505
CI.ES.16.ITS_S321_L001_R1_001.fastq.gz,49,49.25,0.735517425,49.77582683,3.414924821,2.606961002,0.870406391,7.716429877,7.198726476
CI.ES.17.ITS_S322_L001_R1_001.fastq.gz,99,103,3.889752735,102.611407,4.843925355,3.160146623,0.916339692,11.95309971,16.57047897
CI.ES.18.ITS_S323_L001_R1_001.fastq.gz,98,116.2,13.15445923,106.3942263,5.078681567,3.163151445,0.927709822,13.83313798,16.36979959
CI.ES.19.ITS_S324_L001_R1_001.fastq.gz,71,71.375,0.826183992,72.04181858,4.199344085,2.817021001,0.891499361,9.216535577,11.14560339
CI.ES.2.ITS_S313_L001_R1_001.fastq.gz,40,41.5,2.22843582,43.50302843,3.073879971,2.1156329,0.756535195,4.107369856,5.678848284
CI.ES.20.ITS_S325_L001_R1_001.fastq.gz,91,92.25,1.732208945,92.98919611,4.678837103,3.382929405,0.940891219,16.91796011,14.97888915
CI.ES.21.ITS_S326_L001_R1_001.fastq.gz,79,79.375,0.826230935,80.27930317,4.148286768,2.946030186,0.899938414,9.993845211,12.65293106
CI.ES.22.ITS_S327_L001_R1_001.fastq.gz,70,76.875,5.564420036,78.66079812,4.460635815,3.106558652,0.941048757,16.96317085,10.95973991
CI.ES.23.ITS_S328_L001_R1_001.fastq.gz,53,53.2,0.620739312,53.69851107,3.500866322,2.634220519,0.85365245,6.833049122,7.893022882
CI.ES.24.ITS_S329_L001_R1_001.fastq.gz,79,81.14285714,2.530326528,81.68443004,4.428301607,2.799758672,0.873344899,7.895457785,12.65293106
CI.ES.25.ITS_S330_L001_R1_001.fastq.gz,95,95.42857143,0.912644344,96.02116819,4.724354241,3.379008304,0.938884781,16.36253649,15.77070795
CI.ES.26.ITS_S331_L001_R1_001.fastq.gz,60,60,0.495815826,60.25138889,2.85112928,2.994514923,0.915278438,11.80337065,9.133846419
CI.ES.27.ITS_S332_L001_R1_001.fastq.gz,52,61,8.039987154,62.12365591,3.755060783,2.65293239,0.882074793,8.479951188,7.718415058
CI.ES.29.ITS_S333_L001_R1_001.fastq.gz,64,64.5,1.29567707,64.55275317,3.717310921,2.399179867,0.82868871,5.837326894,9.856923848
CI.ES.3.ITS_S314_L001_R1_001.fastq.gz,108,112.6666667,4.491418429,110.8653493,5.148947192,3.414368857,0.938656994,16.30177695,18.39823309
CI.ES.30.ITS_S334_L001_R1_001.fastq.gz,65,68,3.417429374,67.96786588,3.978183468,2.768719639,0.891332497,9.202383167,10.03923098
CI.ES.7.ITS_S315_L001_R1_001.fastq.gz,97,103.1111111,4.975505348,103.3053312,5.037542485,3.278906518,0.93496213,15.37565733,16.16960965
CI.RS.11.ITS_S294_L001_R1_001.fastq.gz,95,95.90909091,1.346539141,96.92576532,4.773437778,3.189060219,0.920376426,12.55909463,15.77070795
CI.RS.12.ITS_S295_L001_R1_001.fastq.gz,105,108.2727273,3.08662731,108.8805674,5.158639761,3.316168257,0.932594604,14.83560742,17.78470107
CI.RS.13.ITS_S296_L001_R1_001.fastq.gz,78,78,0.082797422,78.31736459,4.290268497,2.928743065,0.884800852,8.680619761,12.46256682
CI.RS.14.ITS_S297_L001_R1_001.fastq.gz,134,143.1,6.484580641,141.1039965,5.815300383,3.707226272,0.957344899,23.44385516,23.88624732
CI.RS.15.ITS_S298_L001_R1_001.fastq.gz,108,108.5,0.926809028,109.5692717,5.117385287,3.553825695,0.945995882,18.5171063,18.39823309
CI.RS.16.ITS_S299_L001_R1_001.fastq.gz,29,29,0,NA,NA,2.971162857,0.933722509,15.08807867,3.910157589
CI.RS.17.ITS_S300_L001_R1_001.fastq.gz,98,101,4.175897366,99.21396228,4.719684041,3.519846516,0.947401704,19.0120228,16.36979959
CI.RS.18.ITS_S301_L001_R1_001.fastq.gz,56,56.5,1.295200466,56.53525882,3.485121646,2.865489677,0.87618542,8.076593249,8.420878891
CI.RS.2.ITS_S291_L001_R1_001.fastq.gz,94,97.5,3.44413695,97.84165232,4.909692754,2.71973708,0.839297183,6.222666294,15.57200126
CI.RS.20.ITS_S303_L001_R1_001.fastq.gz,83,86.5,3.660728244,86.23173565,4.475383245,3.339316146,0.94504942,18.1981701,13.41980758
CI.RS.21.ITS_S304_L001_R1_001.fastq.gz,74,77.5,3.443799214,78.79130891,4.342759069,2.743420173,0.887954793,8.924969,11.70663769
CI.RS.22.ITS_S305_L001_R1_001.fastq.gz,87,90.6,3.35583943,91.57891323,4.671443445,3.250511957,0.936611219,15.77566224,14.19519393
CI.RS.23.ITS_S306_L001_R1_001.fastq.gz,94,100.1111111,4.975456737,99.68948204,4.889609871,3.163293594,0.936988071,15.8700109,15.57200126
CI.RS.24.ITS_S307_L001_R1_001.fastq.gz,82,83.5,2.230516944,83.59450079,4.281801049,2.935543405,0.86687271,7.511607879,13.22728243
CI.RS.25.ITS_S308_L001_R1_001.fastq.gz,84,84.2,0.621060315,84.43927347,4.439718687,3.430350416,0.950034414,20.01377516,13.61286451
CI.RS.26.ITS_S309_L001_R1_001.fastq.gz,72,75.11111111,3.100694581,77.97609247,4.299632447,2.748995619,0.886609373,8.819071069,11.33204366
CI.RS.27.ITS_S310_L001_R1_001.fastq.gz,54,56,2.881247525,55.43678626,3.632201844,2.388996294,0.848354698,6.59433552,8.068307469
CI.RS.29.ITS_S311_L001_R1_001.fastq.gz,105,114.1666667,7.380538794,110.6707393,5.175048454,3.0870999,0.89341174,9.381896249,17.78470107
CI.RS.3.ITS_S292_L001_R1_001.fastq.gz,147,152.3529412,3.970462777,153.672608,6.115529454,3.904746885,0.965314225,28.83026243,26.73928665
CI.RS.30.ITS_S312_L001_R1_001.fastq.gz,86,87.5,1.776712002,89.56121105,4.676634846,2.896025029,0.891034036,9.177177522,14.00056082
CI.RS.7.ITS_S293_L001_R1_001.fastq.gz,75,75.25,0.735983011,75.78359344,3.529520637,3.530705234,0.957299882,23.41913884,11.89478324
Hum.BS.1.ITS_S169_L001_R1_001.fastq.gz,145,149.2307692,3.560058168,149.4943782,6.010416159,3.777116302,0.953790485,21.64056482,26.29581751
Hum.BS.10.ITS_S178_L001_R1_001.fastq.gz,77,77.5,1.296241465,77.51155007,3.404574644,3.351873277,0.94004213,16.67837772,12.27275162
Hum.BS.11.ITS_S179_L001_R1_001.fastq.gz,142,144.8125,2.607629181,146.375369,5.963016812,3.491036957,0.939250935,16.46115868,25.63368424
Hum.BS.12.ITS_S180_L001_R1_001.fastq.gz,89,93.2,4.339003762,92.47722886,4.741913371,2.798086815,0.859277207,7.106169366,14.58601486
Hum.BS.13.ITS_S181_L001_R1_001.fastq.gz,103,108.1428571,4.651275984,108.4155073,5.120165093,3.155365998,0.910570888,11.18204098,17.37804318
Hum.BS.14.ITS_S182_L001_R1_001.fastq.gz,118,127.75,7.200933614,124.4742115,5.450838317,3.233778297,0.915827976,11.88043196,20.47340303
Hum.BS.15.ITS_S183_L001_R1_001.fastq.gz,108,113.1428571,4.651359343,112.320133,5.214076854,2.95530504,0.858063716,7.045414827,18.39823309
Hum.BS.16.ITS_S184_L001_R1_001.fastq.gz,129,129.8571429,1.394927398,130.3143368,5.246676119,4.039899324,0.969800663,33.11330943,22.80781069
Hum.BS.18.ITS_S186_L001_R1_001.fastq.gz,161,161.7692308,1.187420563,162.4811946,6.286911655,4.159934621,0.973464852,37.6858649,29.88860776
Hum.BS.19.ITS_S187_L001_R1_001.fastq.gz,150,154.7142857,3.779088798,155.3116245,6.120816374,3.334725936,0.879066604,8.269014427,27.40753706
Hum.BS.2.ITS_S170_L001_R1_001.fastq.gz,117,120.5,3.444386727,119.5511143,5.345780539,3.337251422,0.931037444,14.50062258,20.26383935
Hum.BS.21.ITS_S189_L001_R1_001.fastq.gz,160,164.5833333,3.82172938,164.385898,6.311865564,3.990435992,0.960593373,25.37644225,29.66107783
Hum.BS.22.ITS_S190_L001_R1_001.fastq.gz,110,111.6666667,2.0443454,112.1889477,5.193134064,3.242643787,0.901962178,10.20014495,18.80959336
Hum.BS.23.ITS_S191_L001_R1_001.fastq.gz,123,140.1428571,11.46668151,133.0040262,5.624071633,3.521081562,0.944880142,18.14228187,21.52790931
Hum.BS.24.ITS_S192_L001_R1_001.fastq.gz,111,112.25,1.621313311,113.3108921,5.27443674,3.399223653,0.941022154,16.95551915,19.01596907
Hum.BS.25.ITS_S193_L001_R1_001.fastq.gz,164,171.3333333,5.67666287,169.1761113,6.330426966,4.14349022,0.971590533,35.19953345,30.5735427
Hum.BS.26.ITS_S194_L001_R1_001.fastq.gz,129,135.4285714,5.466959658,132.678737,5.623392019,3.688854657,0.951760899,20.73007141,22.80781069
Hum.BS.27.ITS_S195_L001_R1_001.fastq.gz,120,125.0769231,4.036315029,125.478286,5.46680714,3.068433202,0.873436734,7.90118673,20.89387309
Hum.BS.28.ITS_S196_L001_R1_001.fastq.gz,173,176.9565217,3.070750795,180.3081362,6.672484419,3.963145836,0.961082414,25.69532461,32.64923106
Hum.BS.29.ITS_S197_L001_R1_001.fastq.gz,140,145.5,4.51017559,144.9267352,5.877355919,3.713445379,0.944173964,17.9127891,25.19432334
Hum.BS.3.ITS_S171_L001_R1_001.fastq.gz,132,136.5,3.916744602,137.4684633,5.715460937,3.738967467,0.954546698,22.00060196,23.45359314
Hum.BS.30.ITS_S198_L001_R1_001.fastq.gz,180,187,4.90515632,186.7787273,6.727127258,4.266964861,0.976402888,42.37806652,34.28498694
Hum.BS.4.ITS_S172_L001_R1_001.fastq.gz,133,135.7692308,2.675645657,136.1664285,5.7055625,3.269909012,0.902830296,10.29127349,23.66970792
Hum.BS.5.ITS_S173_L001_R1_001.fastq.gz,161,172.3333333,7.298618747,169.3757473,6.355427822,3.913678816,0.956550438,23.01519166,29.88860776
Hum.BS.6.ITS_S174_L001_R1_001.fastq.gz,163,168,4.133209337,167.0612082,6.382603013,3.718112246,0.936856379,15.83691241,30.34484117
Hum.BS.7.ITS_S175_L001_R1_001.fastq.gz,164,168.5882353,3.574879273,169.3074159,6.387840817,3.857201278,0.958244402,23.94888486,30.5735427
Hum.BS.8.ITS_S176_L001_R1_001.fastq.gz,115,118.5,3.661308577,117.3118949,5.339038257,2.925489916,0.83644213,6.114043923,19.84606352
Hum.BS.9.ITS_S177_L001_R1_001.fastq.gz,112,113.2,1.840321066,113.1067757,5.259042895,3.169954784,0.869550959,7.665828657,19.22280586
Hum.ES.1.ITS_S229_L001_R1_001.fastq.gz,90,95.25,5.371415632,93.25413223,4.592937255,3.177220604,0.909960047,11.10618087,14.78219677
Hum.ES.10.ITS_S238_L001_R1_001.fastq.gz,135,137.3333333,2.423262289,138.7249723,5.761709925,3.759302241,0.955385562,22.41426874,24.10320992
Hum.ES.11.ITS_S239_L001_R1_001.fastq.gz,103,109.875,5.565259995,108.7031049,5.02090159,3.110946667,0.892429775,9.296252763,17.37804318
Hum.ES.12.ITS_S240_L001_R1_001.fastq.gz,98,101.75,3.329617766,104.2583826,4.975709205,3.142684207,0.915812828,11.87829429,16.36979959
Hum.ES.13.ITS_S241_L001_R1_001.fastq.gz,69,69.2,0.620940923,69.81421469,3.860372936,2.84805491,0.883474367,8.58180276,10.77445758
Hum.ES.14.ITS_S242_L001_R1_001.fastq.gz,34,34,0,34,1.878672873,2.23539834,0.781149633,4.569332071,4.700999221
Hum.ES.15.ITS_S243_L001_R1_001.fastq.gz,92,100.25,6.360783092,100.838458,4.966563762,2.630401402,0.851251787,6.722769838,15.17608918
Hum.ES.18.ITS_S246_L001_R1_001.fastq.gz,134,137,2.863612006,137.6755964,5.793845353,3.723860831,0.960832284,25.53123089,23.88624732
Hum.ES.19.ITS_S247_L001_R1_001.fastq.gz,148,167.125,12.04945946,156.6072199,6.120588119,3.631886182,0.940606391,16.83682822,26.96163173
Hum.ES.2.ITS_S230_L001_R1_001.fastq.gz,88,88,0.082858496,88.28573235,4.463155322,3.152738766,0.917369467,12.10206408,14.39034627
Hum.ES.21.ITS_S249_L001_R1_001.fastq.gz,86,86,0,86,3.608774836,3.686815269,0.958036544,23.83025862,14.00056082
Hum.ES.22.ITS_S250_L001_R1_001.fastq.gz,118,130.75,7.963924489,133.0547294,5.695663451,3.354551343,0.928971692,14.07889379,20.47340303
Hum.ES.23.ITS_S251_L001_R1_001.fastq.gz,115,124,8.045884981,118.5322022,5.230568876,3.710795134,0.96137903,25.89266891,19.84606352
Hum.ES.24.ITS_S252_L001_R1_001.fastq.gz,61,70.33333333,8.854970833,65.62196307,3.754805195,2.485018322,0.824297609,5.691442199,9.31368234
Hum.ES.25.ITS_S253_L001_R1_001.fastq.gz,105,106.4285714,1.934382165,107.0086574,4.949166936,3.408332727,0.933575763,15.05474583,17.78470107
Hum.ES.26.ITS_S254_L001_R1_001.fastq.gz,82,82.42857143,0.912575613,83.08323529,4.092087252,3.238081685,0.921206675,12.69143033,13.22728243
Hum.ES.27.ITS_S255_L001_R1_001.fastq.gz,87,88.875,2.256386665,90.03244516,4.631426515,2.436389726,0.754337657,4.070627948,14.19519393
Hum.ES.28.ITS_S256_L001_R1_001.fastq.gz,115,116.25,1.732350879,116.791122,5.224587234,3.522955608,0.94639413,18.65467351,19.84606352
Hum.ES.29.ITS_S257_L001_R1_001.fastq.gz,102,102.5,1.026874649,102.9038797,4.895571772,3.527736332,0.945343432,18.29606277,17.17542979
Hum.ES.3.ITS_S231_L001_R1_001.fastq.gz,78,78,0.248392266,78.33126748,3.267645003,3.422728044,0.929196213,14.12353834,12.46256682
Hum.ES.30.ITS_S258_L001_R1_001.fastq.gz,180,198.75,9.896885159,195.1435893,6.858631475,4.076114421,0.969548071,32.83864218,34.28498694
Hum.ES.4.ITS_S232_L001_R1_001.fastq.gz,122,124.7692308,2.675607715,126.5629237,5.587850963,3.54068347,0.930359101,14.35937802,21.31612199
Hum.ES.5.ITS_S233_L001_R1_001.fastq.gz,130,130.4615385,0.875402761,131.5244686,5.50213089,3.947694707,0.968503243,31.74930001,23.02264307
Hum.ES.6.ITS_S234_L001_R1_001.fastq.gz,104,106.3333333,2.423140278,108.4299298,5.206699964,3.079505151,0.899704663,9.970553239,17.58113434
Hum.ES.7.ITS_S235_L001_R1_001.fastq.gz,132,134.5454545,2.607165842,135.1764861,5.742830164,3.531144959,0.942864568,17.50227426,23.45359314
Hum.ES.8.ITS_S236_L001_R1_001.fastq.gz,88,90.5,3.159546614,89.70720588,4.659177003,2.396416866,0.718579456,3.553400844,14.39034627
Hum.ES.9.ITS_S237_L001_R1_001.fastq.gz,121,126.5,4.510037115,126.289233,5.474483551,3.569359775,0.944947172,18.16437101,21.10477603
Hum.RS.1.ITS_S199_L001_R1_001.fastq.gz,99,103.5,3.916475481,103.6391935,4.961495019,2.958376311,0.895337278,9.554500226,16.57047897
Hum.RS.10.ITS_S208_L001_R1_001.fastq.gz,99,99.125,0.443646238,99.68033177,4.9676304,2.945312704,0.893252592,9.367908936,16.57047897
Hum.RS.11.ITS_S209_L001_R1_001.fastq.gz,110,114,3.687844946,113.6495802,5.174568297,3.190826979,0.903186651,10.32915408,18.80959336
Hum.RS.12.ITS_S210_L001_R1_001.fastq.gz,81,96.54545455,9.444865838,99.13494097,5.119002537,2.181221894,0.79801155,4.950778133,13.03529236
Hum.RS.13.ITS_S211_L001_R1_001.fastq.gz,73,82.33333333,8.857281863,76.95631094,4.263143717,2.52457694,0.847746604,6.567997978,11.51905648
Hum.RS.14.ITS_S212_L001_R1_001.fastq.gz,60,61.42857143,1.933821701,62.37656383,3.819144344,2.211977358,0.778250462,4.50959225,9.133846419
Hum.RS.15.ITS_S213_L001_R1_001.fastq.gz,85,87.5,2.898295887,87.33940753,4.577250431,2.661808691,0.845414154,6.468897541,13.80644998
Hum.RS.16.ITS_S214_L001_R1_001.fastq.gz,116,122,4.699058875,122.7700588,5.369796398,3.461001511,0.945340876,18.29520713,20.05472559
Hum.RS.18.ITS_S216_L001_R1_001.fastq.gz,145,160,10.33676413,152.0682771,6.014389989,3.763421139,0.95761903,23.59549558,26.29581751
Hum.RS.19.ITS_S217_L001_R1_001.fastq.gz,122,124.8,2.828762074,125.1143672,5.509669178,3.419930367,0.943078154,17.56794742,21.31612199
Hum.RS.2.ITS_S200_L001_R1_001.fastq.gz,98,100.3333333,2.553057736,101.4458584,4.929987257,3.364917057,0.941553183,17.10957172,16.36979959
Hum.RS.20.ITS_S218_L001_R1_001.fastq.gz,87,91.66666667,4.490946123,91.31769026,4.604004847,2.95153788,0.885616521,8.742521265,14.19519393
Hum.RS.21.ITS_S219_L001_R1_001.fastq.gz,158,161.8823529,3.194696809,164.4187857,6.299463265,4.09592211,0.971620355,35.23652255,29.20719651
Hum.RS.22.ITS_S220_L001_R1_001.fastq.gz,104,107.2727273,3.086620346,108.7113361,5.124294853,3.157124911,0.89645884,9.657994968,17.58113434
Hum.RS.23.ITS_S221_L001_R1_001.fastq.gz,100,101.5,1.87496798,102.6732365,4.842834086,3.543908797,0.954068024,21.77132534,16.77164537
Hum.RS.24.ITS_S222_L001_R1_001.fastq.gz,78,83.14285714,4.650708756,82.81446749,4.400126568,2.912108268,0.902385278,10.24435639,12.46256682
Hum.RS.25.ITS_S223_L001_R1_001.fastq.gz,131,141.9285714,6.852803512,142.5118363,5.954954082,3.336284597,0.918060497,12.20412577,23.23790437
Hum.RS.26.ITS_S224_L001_R1_001.fastq.gz,84,88.66666667,4.490860382,87.14049296,4.5707101,2.867353996,0.896619172,9.672973369,13.61286451
Hum.RS.27.ITS_S225_L001_R1_001.fastq.gz,91,92.15384615,1.523560716,94.21029326,4.77194898,2.873908256,0.87518168,8.011644475,14.97888915
Hum.RS.28.ITS_S226_L001_R1_001.fastq.gz,145,148.6,3.356260537,148.3219015,6.008595627,3.604068777,0.93886542,16.35735458,26.29581751
Hum.RS.29.ITS_S227_L001_R1_001.fastq.gz,117,119.3333333,2.553188291,119.9102051,5.237296379,3.780239302,0.959997917,24.99869829,20.26383935
Hum.RS.3.ITS_S201_L001_R1_001.fastq.gz,69,69,0,69,3.340571851,3.020781148,0.879903243,8.326619483,10.77445758
Hum.RS.30.ITS_S228_L001_R1_001.fastq.gz,147,150.75,3.329872811,151.0846938,5.98918092,4.054810146,0.97233174,36.14249639,26.73928665
Hum.RS.4.ITS_S202_L001_R1_001.fastq.gz,124,145.8571429,13.8824365,134.3485008,5.690774179,3.1245506,0.89414968,9.447302611,21.74013636
Hum.RS.5.ITS_S203_L001_R1_001.fastq.gz,114,116.1,2.334887338,116.9640955,5.113914615,3.512789605,0.939314367,16.47836478,19.63785498
Hum.RS.6.ITS_S204_L001_R1_001.fastq.gz,138,144.6666667,4.567081832,148.5092574,6.078343545,3.609864873,0.947294201,18.97324436,24.75662324
Hum.RS.7.ITS_S205_L001_R1_001.fastq.gz,127,131.5,3.91671251,131.1698431,5.643299158,3.137012824,0.876602982,8.103923565,22.37943863
Hum.RS.8.ITS_S206_L001_R1_001.fastq.gz,101,105.6666667,4.491281858,104.9662567,4.992842532,2.640067481,0.774170556,4.428120546,16.97329642